25,1,11,1,35786,152,53
40,1,28,0,33762,7,111
47,1,28,0,40050,124,199
24,1,27,1,37356,152,187
27,1,28,1,59097,152,297
22,1,30,1,40207,152,266
51,1,37,1,40118,26,107
25,1,41,1,23375,152,232
42,1,41,0,2630,26,277
37,1,12,1,27124,124,133
40,1,7,1,2630,124,91
64,1,28,0,32051,124,254
23,1,46,1,27688,26,29
47,1,3,0,28739,124,22
55,1,48,0,2630,124,169
24,1,28,1,42261,26,270
25,1,24,0,42660,152,207
41,1,10,0,15006,124,141
26,1,28,1,46139,152,35
28,1,37,1,34907,152,293
26,1,15,1,33599,152,78
24,1,6,1,35885,152,177
21,1,45,0,33346,160,73
42,1,8,0,2630,26,270
58,1,28,0,41016,24,201
27,1,10,1,18806,152,107
21,1,46,1,29917,160,153
44,1,8,1,31197,124,141
40,1,28,1,45981,124,126
26,1,11,1,26686,152,230
70,1,8,0,36804,124,256
71,1,28,1,51563,13,113
64,1,46,1,47989,122,257
25,1,35,1,41680,152,288
24,1,24,0,24096,152,270
27,1,33,0,28010,26,273
24,1,50,1,37606,152,246
22,1,8,0,66667,160,118
22,1,6,1,25765,152,291
51,1,28,1,40224,26,198
45,1,28,0,36425,124,35
46,1,28,0,110611,122,204
23,1,24,1,2630,26,249
49,1,40,0,31233,26,129
38,1,35,0,45227,124,67
35,1,8,0,44473,26,11
20,1,8,1,34717,160,272
30,1,8,0,24180,152,168
54,1,30,0,23364,156,217
61,1,48,0,2630,124,32
53,1,41,0,48589,26,105
23,1,36,1,39313,151,221
23,1,15,1,39411,152,140
42,1,28,0,51844,124,126
24,1,21,1,30117,152,218
26,1,7,0,43937,152,260
23,1,28,0,40715,156,45
23,1,41,1,31585,152,246
24,1,23,1,30795,152,297
45,1,8,0,34610,124,198
25,1,16,1,2630,152,232
23,1,39,1,27183,152,16
40,1,35,0,32938,154,94
22,1,37,0,31550,152,60
25,1,8,1,39046,152,110
23,1,3,1,30504,152,234
50,1,46,1,29793,26,218
59,1,29,0,25826,26,244
23,1,24,0,25983,26,239
23,1,2,1,24145,151,255
62,1,8,0,32731,124,171
29,1,46,1,28803,152,163
45,1,8,0,55839,74,158
22,1,6,1,24057,152,192
24,1,47,1,41263,26,83
20,1,6,1,27058,160,198
36,1,28,0,43396,124,224
33,1,3,0,25982,124,24
65,1,3,0,29227,26,193
39,1,18,0,29337,124,26
44,1,46,1,16954,124,16
53,1,48,0,2630,26,272
20,1,28,0,47215,26,235
32,1,33,1,31251,156,195
21,1,4,0,22998,124,209
23,1,8,0,48697,152,220
26,1,39,1,58085,152,137
20,1,36,0,35374,160,271
38,1,27,0,24560,152,30
52,1,28,0,44300,26,268
24,1,35,1,36470,152,83
42,1,28,1,33415,26,243
39,1,39,0,34875,124,169
45,1,28,0,63701,26,130
26,1,27,0,2630,152,171
65,1,14,1,32270,26,137
35,1,36,0,36639,124,180
23,1,14,1,39308,152,226
20,1,8,0,40825,160,70
21,1,50,1,31878,160,283
60,1,28,0,39325,124,251
71,1,50,1,40432,26,49
51,1,28,0,49574,26,257
53,1,33,0,31243,124,241
57,1,31,0,2630,124,275
67,1,45,0,2630,152,113
25,1,32,0,2630,160,221
43,1,37,1,36336,152,241
38,1,47,0,23778,124,118
69,1,8,0,2630,157,231
74,1,28,1,28605,26,242
55,1,41,0,37187,26,290
21,1,46,1,27337,160,280
50,1,28,1,47657,124,85
49,1,33,0,2630,160,198
35,1,18,0,2630,124,41
52,1,10,0,29992,26,93
43,1,33,0,2630,157,250
20,1,16,0,22485,160,193
56,1,28,0,29200,122,146
25,1,44,1,26320,152,176
26,1,2,1,25808,152,135
30,1,47,0,30690,124,85
27,1,6,1,16457,160,186
39,1,28,0,60174,124,55
23,1,30,1,32924,152,13
23,1,3,0,27852,152,188
28,1,8,1,36920,152,24
21,1,28,1,42448,152,114
26,1,50,1,30115,152,160
21,1,17,1,23459,152,232
50,1,46,0,40641,124,63
28,1,29,1,40498,152,153
44,1,28,1,43151,124,175
23,1,5,0,21026,152,141
61,1,46,1,37953,26,55
46,1,46,0,36992,154,293
35,1,29,0,2630,157,232
25,1,6,1,19804,152,205
24,1,8,0,2630,152,123
24,1,45,1,21546,152,237
41,1,8,1,33603,124,87
25,1,11,1,20958,152,230
25,1,39,1,28625,152,80
61,1,20,1,2630,26,148
39,1,1,0,2630,26,221
41,1,28,0,26454,26,200
26,1,28,1,33798,152,63
53,1,35,1,21353,26,126
29,1,28,0,2630,158,194
25,1,28,0,30396,152,22
52,1,28,0,33944,155,13
43,1,28,0,35704,26,18
30,1,8,1,2630,160,83
43,1,18,0,27743,124,209
22,1,46,0,32497,152,138
22,1,28,1,28101,160,277
74,1,33,1,22623,26,233
57,1,30,1,26272,152,195
23,1,13,0,28589,152,296
53,1,28,0,2630,152,68
67,1,28,0,30477,26,290
23,1,3,1,26341,152,219
55,1,46,1,2630,26,243
22,1,29,1,33758,152,211
32,1,28,1,2630,1,44
27,1,8,0,49623,152,117
22,1,3,1,26138,152,135
25,1,2,0,2630,156,279
38,1,28,0,33196,26,55
29,1,15,1,24617,152,57
20,1,28,0,41983,124,203
24,1,25,1,22400,152,173
20,1,27,1,26871,160,52
49,1,28,0,45332,124,116
23,1,29,1,29688,152,237
64,1,12,1,2630,26,186
31,1,33,1,2630,156,244
44,1,28,0,18082,60,33
36,1,16,0,2630,124,85
38,1,28,0,52527,122,55
50,1,30,0,35346,152,61
24,1,41,0,46077,152,62
20,1,50,1,36046,160,280
27,1,43,0,2630,152,147
25,1,41,1,36667,152,60
42,1,28,0,32113,26,90
24,1,30,1,27776,152,167
37,1,47,1,38293,16,212
44,1,28,1,28110,61,247
44,1,8,0,46940,124,143
64,1,22,0,2630,26,100
24,1,46,1,35648,152,21
22,1,33,1,29452,152,183
51,1,46,1,27144,124,266
20,1,37,0,55236,160,12
49,1,8,0,40088,26,25
24,1,15,1,28374,152,208
33,1,28,0,2630,156,43
25,1,6,1,29208,152,253
28,1,28,0,30267,124,161
25,1,8,1,61002,152,266
21,1,6,1,24939,152,39
44,1,28,0,46671,26,94
61,1,8,0,42327,26,59
26,1,41,1,27868,152,246
53,1,28,0,61685,25,24
54,1,8,0,31390,26,86
28,1,11,0,2630,156,201
24,1,11,1,29579,152,125
22,1,41,0,52604,152,51
24,1,11,0,40921,124,112
64,1,47,0,29575,26,264
76,1,28,0,35996,26,175
65,1,28,1,47045,26,76
36,1,14,0,27610,152,35
25,1,28,1,34003,152,61
51,1,0,0,2630,12,218
26,1,29,1,71710,152,222
66,1,2,0,35386,124,129
47,1,28,1,34823,26,50
56,1,8,0,42395,154,44
24,1,4,1,27260,152,274
30,1,41,1,47952,152,194
30,1,6,1,28558,152,47
25,1,32,1,25271,152,36
24,1,28,1,29925,152,135
36,1,35,1,25277,152,11
51,1,15,0,37603,124,235
21,1,50,0,24007,152,122
42,1,29,1,36320,124,56
25,1,41,1,30690,152,13
22,1,16,1,19117,152,265
71,1,29,1,31940,26,207
37,1,28,0,31358,124,210
22,1,33,1,35692,152,88
20,1,37,0,30318,160,24
55,1,8,0,29018,26,126
21,1,24,1,2630,157,98
23,1,46,1,25325,152,169
22,1,41,1,33551,152,156
55,1,28,0,43852,26,227
49,1,8,1,2630,7,193
48,1,46,0,34720,11,218
32,1,30,1,36959,152,206
52,1,28,1,42774,122,63
25,1,8,1,61313,152,30
26,1,30,1,27084,152,230
46,1,46,1,31509,124,298
53,1,28,0,53230,124,122
67,1,46,0,34908,26,51
25,1,6,1,31659,152,17
45,1,10,0,38916,124,217
56,1,28,0,54290,31,273
61,1,28,1,51888,26,33
41,1,8,0,21252,163,47
44,1,36,0,35560,124,105
43,1,28,0,30498,152,279
30,1,29,1,2630,160,36
33,1,28,0,45268,124,209
45,1,41,1,33166,152,52
55,1,38,0,32560,124,82
71,1,28,0,34462,26,120
26,1,8,1,43724,152,110
26,1,28,0,30899,152,119
22,1,7,1,40635,160,289
63,1,28,0,51323,26,210
45,1,8,1,2630,4,198
54,1,28,0,38729,157,115
25,1,36,0,42478,152,45
26,1,28,1,50523,152,103
40,1,24,0,2630,157,82
40,1,38,0,31193,124,96
24,1,24,1,21429,152,105
58,1,28,0,93515,26,280
24,1,15,0,31253,152,188
56,1,46,0,45379,26,283
38,1,28,0,41743,124,20
53,1,28,0,49750,26,207
64,1,28,0,52823,26,149
76,1,35,0,41134,26,260
57,1,16,0,26818,124,91
41,1,28,0,38713,124,32
68,1,2,1,37895,152,121
39,1,30,1,2630,152,66
21,1,49,0,19593,152,86
23,1,45,1,2630,152,158
34,1,46,1,35109,124,202
21,1,33,1,41100,152,40
24,1,8,1,66490,152,15
33,1,29,1,32874,152,168
22,1,37,0,32489,152,188
44,1,8,0,30312,124,222
39,1,28,1,27815,124,75
20,1,32,0,21977,160,85
48,1,28,0,56409,52,103
31,1,28,0,46712,124,166
38,1,28,0,67319,26,61
68,1,45,0,2630,26,267
39,1,46,0,29248,152,114
55,1,39,1,35066,124,83
20,1,30,0,2630,156,136
21,1,17,0,33554,152,169
23,1,15,0,26886,152,163
59,1,28,0,31231,124,254
41,1,28,1,32522,154,236
23,1,33,1,29019,152,31
43,1,46,0,30471,124,72
29,1,33,1,35083,152,166
23,1,45,1,35448,152,42
24,1,14,1,27805,152,222
40,1,19,0,2630,156,157
77,1,28,0,61533,122,73
45,1,8,0,45171,124,151
49,1,39,1,55159,124,274
36,1,33,0,31091,124,239
27,1,29,1,2630,154,137
26,1,41,1,23500,152,127
41,1,28,0,38204,152,127
51,1,28,0,47843,26,126
38,1,15,0,25059,152,274
47,1,30,0,2630,1,214
24,1,41,0,35554,152,64
44,1,8,0,30567,26,108
24,1,29,1,2630,152,91
26,1,28,0,42220,152,280
50,1,26,0,47422,26,39
73,1,28,0,43458,26,95
30,1,3,0,2630,157,171
21,1,33,0,22941,156,282
42,1,28,1,34944,26,239
64,1,28,0,33037,26,214
49,1,28,0,35770,163,78
49,1,15,0,27535,152,207
28,1,46,1,28086,152,250
77,1,28,1,30667,122,296
45,1,28,0,60953,26,223
21,1,28,0,36019,152,74
22,1,30,1,25883,152,204
20,1,6,0,2630,160,77
48,1,28,0,39713,26,157
24,1,28,1,51482,152,103
47,1,28,0,42651,26,28
56,1,28,1,32564,124,140
42,1,18,0,34353,124,284
22,1,28,0,74943,152,257
78,1,28,0,49093,13,12
56,1,35,0,2630,152,178
29,1,50,1,57615,152,101
22,1,11,1,28067,152,42
22,1,25,1,49714,152,225
26,1,33,1,2630,152,146
24,1,15,1,36216,151,98
43,1,31,0,2630,9,25
21,1,46,0,33621,152,285
42,1,8,0,27635,7,288
23,1,3,1,2630,152,238
28,1,41,0,37686,152,268
61,1,28,1,27227,26,217
70,1,28,0,30421,26,62
78,1,28,0,42781,26,187
22,1,3,0,35250,152,227
50,1,35,0,33696,124,249
57,1,28,0,2630,26,106
30,1,15,1,2630,152,134
40,1,41,0,35030,26,219
32,1,33,0,2630,160,240
40,1,11,1,38475,124,162
38,1,41,1,42006,124,269
40,1,28,0,61984,26,84
27,1,8,1,40255,152,70
59,1,19,0,61868,26,86
46,1,18,0,40500,124,36
34,1,30,1,2630,152,231
59,1,33,0,26028,124,240
23,1,15,0,36276,152,287
53,1,8,1,2630,25,256
56,1,28,0,33641,26,40
25,1,28,1,45469,152,162
36,1,9,0,33321,124,78
48,1,28,0,57851,124,198
62,1,11,0,39505,26,164
43,1,28,0,44402,26,148
25,1,41,1,46805,152,234
54,1,6,1,26663,26,127
22,1,28,1,39153,152,42
56,1,8,0,29119,26,170
32,1,47,1,34953,124,138
24,1,41,1,20375,152,147
22,1,1,0,2630,152,277
30,1,8,0,2630,152,236
40,1,28,0,31817,26,202
68,1,23,1,26048,26,299
25,1,13,1,41473,152,192
30,1,30,1,27828,152,132
23,1,49,1,2630,160,157
51,1,28,1,45840,26,58
24,1,28,0,50117,124,291
40,1,3,1,37958,152,261
44,1,8,0,46536,124,233
42,1,28,0,36349,124,189
45,1,28,0,36121,124,19
43,1,28,1,33907,26,280
44,1,4,0,33594,31,229
36,1,41,0,38735,124,250
34,1,28,0,40969,24,238
28,1,35,1,34533,160,90
62,1,28,0,41531,13,156
67,1,28,0,25929,26,79
41,1,28,0,29990,26,28
49,1,35,0,25165,124,284
40,1,46,0,43185,26,42
72,1,28,1,45285,122,297
25,1,11,1,26711,152,236
52,1,39,0,2630,154,281
28,1,15,1,43046,152,93
46,1,28,1,51602,60,242
24,1,29,1,29608,152,212
59,1,8,1,48134,124,158
56,1,30,1,37469,152,272
43,1,8,0,34609,124,34
28,1,47,0,52450,26,224
68,1,28,0,2630,157,296
50,1,28,1,50890,61,96
24,1,29,1,24600,152,292
41,1,28,0,55230,3,75
48,1,33,0,2630,124,141
31,1,28,0,30467,31,160
22,1,28,0,31219,124,253
42,1,28,0,31218,124,277
25,1,15,1,28136,152,178
25,1,8,1,35310,152,250
69,1,41,0,35457,26,292
42,1,41,0,26604,26,215
45,1,28,1,30473,154,11
59,1,28,1,46770,122,264
42,1,41,0,50666,26,85
39,1,28,0,44185,124,237
45,1,8,0,28278,124,208
37,1,20,0,2630,124,44
26,1,11,1,21798,152,174
40,1,46,0,29457,156,34
21,1,2,0,2630,152,38
24,1,26,1,49288,151,182
58,1,26,0,37414,26,268
27,1,15,1,36279,152,234
33,1,33,0,30824,152,169
20,1,47,0,42739,160,154
37,1,28,1,2630,23,201
24,1,12,0,58354,152,290
29,1,28,0,37295,157,202
22,1,33,1,32070,152,21
66,1,8,1,45663,7,32
21,1,46,0,33809,152,187
59,1,5,1,34858,26,280
70,1,28,0,48139,13,111
22,1,28,1,69521,152,196
58,1,28,1,62160,26,116
69,1,41,0,27646,26,255
27,1,28,1,51355,152,131
69,1,28,0,60244,26,236
69,1,41,1,39767,26,257
26,1,27,0,22110,152,126
23,1,41,0,29240,152,46
53,1,28,0,34550,26,170
45,1,43,1,2630,124,66
42,1,47,0,29764,124,149
24,1,28,1,64007,152,39
42,1,48,0,2630,7,35
25,1,36,0,41635,160,31
42,1,28,1,26013,124,282
26,1,36,1,29850,152,205
25,1,8,1,28107,152,130
21,1,22,1,28013,152,177
43,1,0,0,2630,59,217
50,1,6,1,32305,152,295
65,1,28,0,41131,13,96
22,1,13,0,2630,152,55
44,1,47,0,39161,26,28
26,1,41,1,34956,152,193
28,1,12,1,30584,156,131
52,1,31,0,2630,26,161
21,1,30,0,26600,152,296
51,1,28,0,2630,26,142
65,1,46,1,29959,11,139
80,1,3,1,30321,26,50
35,1,35,0,22622,156,223
53,1,51,0,32695,163,250
43,1,20,0,2630,124,12
54,1,8,1,42800,26,210
32,1,37,1,24006,152,198
28,1,41,1,32175,152,94
21,1,35,1,37542,160,156
34,1,11,0,2630,154,193
41,1,18,0,36817,124,14
52,1,29,1,25302,152,94
56,1,28,0,2630,26,242
44,1,14,0,33253,124,181
68,1,28,0,43381,30,12
55,1,43,0,42118,124,228
25,1,8,1,31240,152,39
22,1,6,0,36108,152,198
71,1,28,0,30062,26,128
22,1,32,1,30112,152,178
53,1,8,0,2630,157,215
20,1,28,0,20803,160,19
43,1,8,1,55671,124,56
23,1,40,0,36902,152,103
29,1,21,1,29000,152,289
23,1,42,0,26074,152,236
22,1,29,0,28333,152,104
44,1,28,1,29963,124,94
56,1,46,1,22581,152,38
42,1,41,0,19961,29,283
23,1,28,1,34672,152,195
25,1,8,1,43308,152,254
42,1,28,1,59252,26,148
26,1,29,1,26785,152,250
57,1,28,0,39481,122,193
42,1,36,0,35633,124,50
24,1,15,0,37250,152,282
21,1,15,1,39309,160,30
26,1,28,0,41579,26,213
51,1,28,0,54566,124,39
29,1,16,1,32682,152,220
44,1,24,0,34854,26,24
44,1,31,0,2630,124,227
53,1,28,1,2630,124,212
26,1,28,1,41675,152,33
23,1,7,0,39758,152,91
27,1,28,0,39203,152,114
35,1,41,0,2630,156,57
28,1,28,1,39804,152,244
31,1,18,1,35596,152,232
23,1,45,1,28221,151,286
23,1,36,0,30863,151,58
38,1,8,0,26039,7,152
49,1,28,0,38027,122,46
44,1,28,0,31338,122,280
24,1,45,0,25295,152,177
43,1,28,0,41129,124,145
25,1,2,1,32706,152,227
51,1,28,1,56262,124,101
25,1,15,0,80582,152,184
48,1,28,0,40256,26,212
21,1,50,1,40034,152,24
57,1,28,0,50303,26,102
55,1,36,0,2630,26,234
26,1,6,1,19954,152,104
23,1,29,1,24571,152,163
26,1,28,1,68235,152,64
36,1,12,1,25676,124,240
25,1,41,1,2630,152,59
70,1,52,0,41402,26,17
73,1,28,0,51425,26,226
37,1,15,0,34667,124,105
27,1,39,0,2630,1,191
24,1,22,0,30633,152,142
67,1,28,0,50898,26,95
79,1,31,1,2630,122,21
45,1,28,0,2630,26,158
23,1,49,0,22130,152,28
39,1,28,0,2630,26,169
35,1,41,0,27214,156,270
55,1,8,0,39282,7,216
20,1,36,0,2630,160,95
35,1,46,0,2630,124,32
51,1,8,0,2630,157,232
26,1,8,1,28019,152,42
24,1,15,1,31473,160,48
66,1,28,1,31378,124,116
45,1,7,0,2630,26,77
44,1,48,0,2630,26,42
47,1,46,0,21390,26,273
25,1,34,1,34115,152,106
41,1,29,0,34119,52,52
21,1,47,1,35490,152,236
60,1,26,0,2630,26,149
33,1,46,1,36475,152,15
36,1,28,0,45767,156,102
47,1,28,0,60413,124,298
34,1,26,0,24979,152,171
29,1,28,1,44991,152,265
37,1,28,0,47081,156,67
24,1,15,1,34475,152,142
64,1,15,1,2630,26,135
26,1,12,1,32793,152,196
74,1,28,0,53297,26,68
22,1,15,0,42115,152,53
25,1,3,0,21416,152,224
80,1,28,1,37481,122,208
32,1,20,0,2630,124,224
47,1,28,0,2630,124,226
35,1,14,1,22667,152,56
24,1,12,1,35006,152,40
69,1,28,0,53861,124,30
21,1,36,0,32856,152,183
22,1,41,1,48528,152,34
44,1,48,1,2630,15,104
31,1,27,1,2630,152,94
44,1,2,0,31999,26,34
21,1,15,1,35703,160,169
21,1,8,0,52202,160,162
64,1,28,0,35600,26,51
42,1,15,1,30693,152,247
46,1,48,0,2630,124,280
23,1,4,0,27370,152,87
53,1,28,1,39993,26,28
44,1,28,0,35956,124,263
25,1,28,1,24640,152,182
35,1,28,1,51335,124,101
57,1,33,1,36513,26,10
42,1,8,0,27501,26,107
67,1,28,0,31431,122,275
63,1,3,0,36290,26,185
27,1,47,0,2630,1,21
56,1,11,0,2630,124,161
30,1,15,0,2630,152,84
46,1,14,0,32104,26,109
26,1,6,1,27683,152,216
54,1,28,0,45667,26,275
42,1,46,1,30404,11,256
34,1,41,1,42094,152,279
41,1,33,0,2630,157,278
77,1,24,0,35191,26,181
47,1,50,1,38226,8,52
31,1,3,1,25193,152,162
24,1,41,0,33923,152,275
22,1,28,0,55540,152,21
24,1,16,1,29569,152,229
34,1,10,0,28003,124,108
39,1,29,0,25015,156,217
27,1,26,1,45097,152,82
21,1,50,0,19392,160,298
23,1,6,1,22914,163,90
23,1,30,1,36108,152,239
24,1,46,1,24892,152,37
21,1,46,1,49695,152,188
22,1,6,1,29166,152,255
40,1,41,0,31243,136,105
61,1,41,0,38337,154,190
24,1,24,1,28173,152,153
24,1,41,0,24909,152,10
25,1,21,1,29244,152,60
62,1,3,0,2630,26,206
42,1,28,0,55895,124,91
21,1,10,1,26931,152,167
29,1,33,1,2630,151,104
50,1,46,1,34390,124,252
58,1,8,0,37037,26,210
27,1,45,1,25328,152,147
27,1,15,0,31623,152,143
40,1,24,1,58122,145,179
22,1,11,1,26158,152,289
45,1,33,0,32500,124,147
56,1,27,0,24358,163,290
55,1,46,0,2630,124,222
32,1,9,0,23105,124,96
46,1,28,0,48438,124,60
70,1,8,1,35846,26,181
57,1,28,0,2630,26,77
53,1,23,0,37509,124,201
32,1,3,0,31182,26,217
23,1,8,1,20738,152,181
28,1,41,1,2630,152,108
24,1,50,1,32197,152,119
24,1,12,1,32178,152,41
67,1,49,0,30510,157,182
55,1,8,0,2630,26,56
23,1,46,1,29592,160,221
78,1,28,1,29418,26,191
44,1,8,0,55308,160,238
24,1,21,1,24451,152,200
22,1,30,1,44904,152,109
24,1,46,1,20138,160,12
24,1,50,1,34264,152,259
62,1,8,0,36696,26,93
47,1,28,0,40173,13,279
51,1,28,0,2630,156,148
68,1,8,0,29676,124,91
45,1,28,0,40836,124,61
40,1,28,0,32274,157,65
21,1,17,0,33164,152,103
41,1,48,1,2630,15,71
55,1,28,0,48514,122,99
41,1,48,0,2630,15,80
22,1,34,0,37161,152,41
39,1,39,0,28391,124,234
61,1,29,0,2630,52,59
22,1,8,1,36722,152,267
42,1,28,1,29971,122,81
36,1,36,0,67816,124,180
23,1,46,1,24177,152,18
52,1,11,1,46058,26,289
49,1,46,0,24724,124,31
24,1,8,1,60743,152,121
26,1,37,1,2630,152,33
36,1,28,1,30477,26,75
21,1,8,1,57968,160,256
45,1,28,0,38292,26,44
41,1,28,1,47107,26,164
49,1,28,0,29984,26,200
66,1,28,0,54602,61,46
21,1,30,0,27713,152,251
33,1,28,0,2630,122,27
24,1,10,1,19199,152,136
53,1,23,0,2630,124,89
24,1,41,1,50993,152,114
23,1,37,1,2630,26,187
23,1,29,1,23075,152,119
23,1,21,1,54502,152,38
23,1,6,1,31986,152,132
47,1,15,1,32855,14,67
20,1,34,0,34296,160,182
27,1,29,1,24934,152,153
41,1,26,0,27629,120,263
43,1,47,1,39975,124,274
25,1,28,1,61710,152,291
25,1,6,0,2630,152,44
58,1,28,0,52137,122,197
60,1,28,0,53038,122,236
24,1,37,1,28550,152,242
77,1,28,1,59816,122,147
25,1,39,1,2630,152,34
50,1,28,0,37586,26,252
47,1,41,1,29197,26,220
49,1,50,0,34598,124,196
45,1,35,0,38237,124,84
79,1,8,1,43450,122,25
39,1,8,1,33044,26,127
23,1,28,1,50263,152,174
23,1,37,1,28821,152,16
23,1,46,1,27487,160,42
21,1,46,1,29399,152,209
43,1,8,0,90262,124,239
55,1,28,0,38108,26,120
26,1,28,1,49614,152,273
23,1,46,1,43722,152,184
25,1,19,1,35194,152,246
21,1,2,0,18317,152,147
34,1,28,1,29647,152,105
24,1,11,1,21119,152,191
25,1,18,0,26329,152,60
45,1,3,1,12891,26,187
22,1,14,1,24149,152,212
53,1,28,0,38989,26,258
25,1,36,1,2630,152,272
24,1,37,1,21517,152,222
26,1,28,1,32080,152,182
25,1,32,0,21328,152,181
24,1,17,1,28480,152,175
23,1,28,0,45849,152,165
39,1,28,0,29122,124,295
22,1,37,0,33041,152,290
72,1,33,1,31676,61,170
29,1,8,1,38228,124,186
41,1,28,0,47355,124,30
40,1,50,1,43684,26,92
25,1,24,1,26032,152,199
22,1,46,1,24075,152,183
23,1,45,0,2630,152,173
27,1,50,1,25734,151,270
35,1,10,1,29839,152,231
30,1,41,1,35019,152,94
24,1,28,0,28957,152,297
21,1,11,0,2630,163,184
53,1,25,1,2630,26,106
20,1,11,0,39992,26,207
25,1,32,0,40832,152,12
31,1,41,1,27899,26,87
22,1,16,1,18538,26,281
32,1,28,1,68900,124,13
24,1,15,1,25962,152,241
73,1,46,0,2630,26,31
35,1,28,0,47990,26,216
47,1,8,0,2630,157,142
48,1,28,0,2630,26,79
32,1,14,1,28787,152,22
48,1,28,1,2630,124,61
23,1,15,1,46089,152,282
24,1,21,1,35155,152,108
21,1,16,0,38271,160,67
35,1,8,1,27895,152,64
55,1,29,1,2630,152,112
23,1,30,1,21682,152,137
74,1,50,0,34412,18,266
50,1,50,0,39152,124,232
68,1,50,0,40333,18,63
52,1,0,0,2630,26,206
21,1,2,0,33685,152,49
43,1,28,0,32539,124,205
25,1,36,0,2630,152,140
26,1,37,0,2630,152,51
23,1,32,1,33564,152,165
51,1,29,0,28558,156,186
53,1,28,0,39296,124,29
26,1,8,0,54424,152,128
58,1,2,0,2630,156,10
35,1,15,0,34831,154,197
67,1,45,0,23408,125,24
52,1,41,0,32073,12,28
59,1,28,1,53793,26,60
41,1,28,0,2630,26,279
26,1,3,1,29361,152,228
75,1,28,0,39049,124,99
51,1,0,0,2630,26,236
42,1,28,1,43530,124,38
25,1,36,1,27253,152,193
21,1,46,1,29641,152,142
43,1,50,0,2630,157,279
24,1,8,0,2630,152,69
63,1,28,0,40816,26,299
26,1,11,1,35611,152,23
37,1,46,0,35380,124,269
23,1,47,0,2630,26,109
22,1,10,1,44846,152,171
22,1,50,0,2630,160,104
23,1,41,0,40297,152,151
66,1,36,0,2630,154,70
71,1,8,1,28459,124,178
45,1,28,1,38850,61,222
27,1,41,1,40984,152,48
62,1,28,0,37681,26,120
38,1,8,1,2630,124,78
72,0,28,0,27656,122,243
35,1,28,0,37622,31,242
28,1,15,0,2630,157,227
22,1,2,1,35176,152,273
24,1,34,0,2630,152,244
31,1,41,1,23509,152,25
20,1,6,0,2630,160,266
29,1,28,1,44756,152,23
58,1,28,1,36907,30,140
53,1,35,0,31208,10,244
22,1,27,1,26096,152,195
64,1,25,1,32415,124,59
53,1,28,1,38787,26,12
49,1,48,1,2630,15,252
68,1,28,1,64700,55,178
39,1,8,1,35391,124,213
48,1,35,0,25287,124,259
22,1,29,0,2630,154,263
26,1,43,1,2630,152,105
65,1,28,0,30411,26,83
52,1,3,1,50842,26,225
45,1,28,0,48217,26,253
27,1,28,1,46825,152,18
53,1,10,0,34904,124,150
26,1,18,0,46202,152,140
40,1,28,0,51893,42,195
21,1,40,0,26989,152,80
34,1,28,1,30877,152,224
60,1,50,0,49684,8,266
22,1,18,1,30575,152,128
29,1,37,1,42905,152,252
27,1,18,1,2630,160,189
23,1,46,1,43107,152,159
53,1,15,0,38360,124,297
63,1,28,0,48203,26,254
37,1,41,1,26908,152,27
24,1,8,1,36722,152,14
52,1,33,1,70052,152,118
51,1,8,0,44152,26,296
30,1,39,1,42427,152,155
35,1,14,1,28515,152,261
24,1,29,1,23905,152,65
26,1,11,1,47218,152,121
40,1,45,0,33108,154,67
29,1,29,1,30086,152,72
27,1,35,1,23511,152,110
42,1,41,0,30252,124,239
55,1,43,0,27081,124,243
29,1,46,1,27750,152,120
25,1,28,1,45631,151,260
28,1,45,0,2630,156,11
24,1,30,1,25368,152,35
38,1,29,1,22309,26,135
31,1,27,0,26108,152,13
21,1,8,1,33321,160,22
63,1,42,0,31326,122,22
24,1,12,1,27702,152,174
47,1,28,1,38439,26,120
43,1,35,1,2630,124,148
50,1,46,0,23009,124,92
26,1,11,1,2630,152,85
23,1,8,1,50922,152,169
24,1,29,1,41940,163,73
49,1,28,1,23414,26,85
54,1,28,1,26066,124,203
46,1,39,0,24235,124,178
54,1,28,0,2630,26,238
24,1,17,0,61513,151,265
60,1,28,0,34694,124,151
46,1,28,0,43357,26,63
27,1,29,1,30528,152,182
37,1,18,0,27860,155,120
67,1,33,0,35293,152,124
25,1,36,1,25900,26,48
26,1,28,1,2630,156,110
21,1,22,1,2630,152,181
56,1,3,0,29550,154,82
37,1,28,1,40724,124,222
20,1,15,1,37992,160,209
44,1,28,0,36536,26,118
24,1,13,0,25261,152,107
42,1,31,0,2630,26,274
22,1,8,0,38028,152,109
33,1,24,0,38833,124,139
36,1,28,0,2630,122,241
20,1,36,0,38824,160,200
21,1,28,0,37447,160,184
36,1,28,0,37051,124,115
77,1,31,0,2630,154,281
25,1,8,0,79524,152,110
35,1,8,0,2630,124,222
35,1,28,1,38300,152,177
59,1,7,1,2630,26,64
24,1,33,1,30630,152,255
28,1,39,1,2630,152,235
21,1,35,0,28617,26,62
47,1,28,0,2630,156,225
23,1,27,0,22981,152,281
52,1,28,0,42968,124,33
35,1,15,0,2630,155,269
54,1,20,0,2630,8,299
41,1,41,0,29821,26,33
27,1,46,1,22964,152,225
23,1,50,1,37923,152,251
77,1,46,1,24891,124,108
63,1,28,1,28941,26,111
49,1,10,0,31834,26,275
39,1,45,0,35618,42,89
44,1,28,0,37674,124,158
44,1,35,1,41308,124,29
43,1,17,1,46710,26,40
42,1,11,1,2630,26,291
23,1,39,0,42256,152,128
21,1,5,0,20939,152,288
63,1,8,1,30923,124,164
62,1,28,1,43011,26,118
26,1,33,1,33574,152,262
23,1,8,1,55746,160,132
40,1,47,1,32226,124,105
24,1,8,1,33334,152,285
23,1,15,1,34758,160,191
31,1,17,1,2630,156,80
25,1,28,1,35753,152,258
67,1,28,0,31524,26,27
40,1,14,0,25848,124,198
67,1,28,0,2630,13,103
80,1,28,1,53313,55,118
71,1,28,0,36632,26,249
21,1,28,1,2630,160,274
31,1,41,0,28391,152,95
26,1,35,0,2630,160,67
29,1,8,0,38518,152,36
42,1,28,1,32665,124,176
24,1,15,0,40782,152,133
47,1,15,0,29682,124,283
20,1,46,0,2630,160,38
67,1,47,0,35985,26,106
50,1,28,1,48220,124,28
44,1,8,1,2630,82,21
25,1,11,1,32819,152,298
44,1,46,1,24952,124,296
29,1,39,0,41212,152,48
51,1,16,1,23663,152,204
45,1,8,0,2630,157,212
26,1,28,0,35385,152,277
23,1,8,1,44224,152,158
45,1,28,0,26218,26,90
49,1,8,0,36439,124,253
24,1,11,1,32232,152,40
35,1,8,0,2630,124,49
47,1,8,0,34119,124,83
49,1,28,0,47148,26,26
58,1,28,0,30435,26,236
53,1,12,1,2630,124,166
29,1,28,0,57976,152,121
26,1,41,0,31536,152,119
23,1,37,0,25786,152,73
27,1,15,1,23511,152,120
26,1,36,1,25493,152,167
40,1,28,0,23018,53,108
68,1,20,0,2630,26,77
26,1,21,1,28208,152,44
50,1,46,0,24404,26,65
39,1,28,0,25894,26,97
45,1,0,0,2630,26,192
43,1,28,0,25522,122,259
41,1,28,0,38907,124,131
32,1,10,0,21369,152,231
66,1,8,0,32106,124,50
21,1,10,0,28911,160,188
23,1,7,1,31765,152,136
49,1,28,0,33421,29,191
34,1,48,0,2630,156,118
62,1,23,1,35812,124,110
21,1,46,1,24879,160,212
21,1,35,0,26538,124,41
23,1,46,1,35868,152,269
27,1,28,1,54328,152,211
54,1,32,0,31420,124,112
25,1,8,1,40278,152,82
25,1,50,1,28034,152,186
23,1,8,1,38605,152,71
44,1,28,0,84397,26,272
24,1,50,1,37142,152,94
22,1,28,0,2630,152,278
27,1,46,1,31074,152,116
42,1,28,0,48756,25,206
40,1,17,0,2630,124,96
44,1,28,0,43242,26,275
24,1,6,1,51779,26,153
54,1,41,1,2630,152,255
69,1,30,1,30065,152,98
61,1,35,1,28642,100,119
25,1,47,1,18212,152,265
41,1,28,0,60442,122,148
58,1,28,0,54561,29,200
32,1,30,0,38607,157,285
26,1,28,0,34155,157,54
28,1,7,0,31483,124,66
25,1,28,1,49464,152,184
24,1,11,1,27455,152,223
24,1,46,1,22784,152,251
43,1,8,0,23342,26,178
79,1,28,1,34011,26,267
26,1,7,1,33565,152,208
56,1,50,1,34555,152,102
35,1,8,1,45763,152,14
21,1,10,1,30178,152,44
26,1,36,1,31885,152,125
28,1,41,1,25697,152,47
27,1,41,1,17680,152,229
69,1,46,0,56507,91,232
29,1,21,0,37835,152,219
24,1,29,1,30699,152,216
25,1,29,1,52127,152,73
59,1,28,0,28286,124,221
21,1,30,0,26468,160,212
34,1,46,0,2630,154,240
34,1,28,0,32642,124,63
37,1,24,0,2630,152,61
51,1,28,1,28285,26,27
23,1,8,1,41363,152,146
62,1,46,0,31350,21,81
71,1,25,1,24573,124,232
28,1,10,1,35753,152,292
50,1,12,0,37016,20,185
42,1,8,0,50263,26,196
26,1,45,1,2630,152,78
73,1,28,0,49784,124,205
53,1,37,0,2630,124,156
35,1,41,1,33717,124,63
26,1,40,0,2630,152,245
65,1,28,0,43180,26,269
60,1,2,0,31889,26,87
21,1,30,0,23875,152,70
44,1,28,0,62299,26,113
29,1,8,1,31085,152,86
41,1,25,1,2630,124,193
24,1,8,1,50022,152,71
28,1,47,0,32540,152,13
46,1,28,1,28340,124,297
71,1,29,0,34594,26,250
29,1,8,1,30930,152,68
24,1,8,1,43815,152,207
70,1,28,0,27949,26,109
42,1,47,0,27204,124,84
70,1,28,1,2630,11,112
23,1,45,1,30414,151,213
63,1,8,0,42513,26,210
26,1,31,1,2630,152,262
62,1,39,0,2630,124,225
25,1,47,0,29748,152,191
24,1,11,0,33976,152,120
27,1,21,1,19648,152,99
70,1,45,0,19722,124,263
24,1,8,1,41387,152,250
35,1,46,0,24594,154,31
46,1,49,0,32336,152,137
23,1,27,0,27223,152,286
29,1,3,1,2630,124,219
44,1,24,1,20890,26,192
26,1,10,1,30790,152,203
24,1,47,1,28696,151,48
23,1,3,1,49751,152,41
21,1,43,0,46682,152,80
20,1,26,0,43789,160,155
31,1,28,1,38521,152,276
24,1,2,1,27435,152,149
41,1,28,0,50610,122,200
21,1,13,0,34206,156,254
62,1,28,1,27750,124,124
43,1,28,0,56737,124,246
26,1,33,1,2630,151,211
70,1,28,1,54046,124,296
24,1,29,0,35489,152,95
25,1,35,1,30599,152,50
22,1,2,0,36500,152,228
26,1,50,1,27875,152,215
40,1,43,1,42702,124,231
53,1,31,1,2630,26,189
24,1,10,1,23042,152,115
25,1,28,0,39186,124,294
70,1,28,0,62594,26,102
61,1,28,1,47990,124,205
27,1,35,1,40842,152,163
40,1,28,1,41395,42,211
49,1,18,1,21892,25,164
34,1,46,0,29829,124,150
27,1,37,1,25411,152,222
42,1,8,1,59948,7,78
23,1,2,1,30494,151,65
76,1,5,0,26407,26,121
50,1,28,0,36082,26,144
49,1,28,0,55506,124,10
25,1,28,0,36433,152,273
27,1,13,1,31827,152,115
61,1,48,0,2630,154,241
27,1,13,1,27155,152,44
44,1,28,0,28118,26,135
46,1,28,0,61127,26,222
23,1,49,1,28132,152,43
36,1,8,0,32021,124,148
43,1,46,0,21941,94,247
45,1,8,0,47128,124,99
26,1,45,1,24651,152,177
75,1,39,1,2630,15,120
50,1,36,0,36869,152,230
34,1,28,0,29317,154,209
22,1,45,0,23082,152,135
25,1,46,1,18461,152,245
24,1,11,1,31328,152,158
52,1,28,0,39592,26,294
62,1,28,0,23807,26,109
58,1,28,0,45347,26,212
58,1,46,1,37409,26,219
24,1,37,0,34916,152,227
33,1,38,0,30117,124,190
27,1,50,0,17417,152,43
36,1,28,0,20688,152,295
21,1,29,0,2630,156,68
23,1,8,1,41673,152,175
23,1,11,1,23748,151,46
78,1,50,0,23330,8,76
26,1,32,1,46382,151,115
25,1,21,1,33730,152,44
21,1,33,1,26486,152,52
36,1,35,1,30253,152,227
69,1,28,1,46211,26,195
44,1,28,0,33632,124,198
58,1,28,1,2630,122,111
31,1,41,1,28690,152,221
43,1,28,1,86496,26,116
24,1,23,1,32073,152,239
40,1,28,0,38910,26,291
21,1,46,1,31069,160,206
33,1,41,1,49614,152,273
43,1,20,0,2630,26,145
59,1,28,0,44336,26,245
23,1,28,1,54489,152,79
54,1,28,0,37274,26,76
55,1,50,1,2630,30,174
49,1,31,0,34361,26,208
45,1,28,0,36988,26,205
26,1,8,0,64529,152,71
24,1,14,0,28136,151,266
44,1,21,0,39081,124,17
22,1,21,1,31169,152,101
24,1,30,1,22313,152,30
55,1,28,0,52538,26,60
23,1,36,1,34412,152,149
20,1,15,0,2630,160,178
53,1,11,0,34292,26,247
45,1,11,1,55690,26,113
70,1,28,0,45424,26,289
24,1,50,0,39384,152,162
28,1,37,1,36941,152,146
26,1,36,0,41375,152,232
23,1,6,1,18647,152,122
24,1,26,1,33092,152,60
24,1,28,1,23664,152,230
56,1,41,0,33933,156,125
41,1,38,0,36682,124,281
23,1,47,1,32971,152,116
31,1,28,1,92601,152,266
49,1,40,1,31838,124,59
30,1,4,1,25868,152,33
29,1,6,1,32594,152,276
49,1,8,1,39809,26,146
23,1,15,1,60165,160,93
50,1,30,1,31591,26,35
24,1,8,1,80946,152,228
21,1,8,0,38535,152,118
22,1,32,0,31553,152,174
26,1,30,1,25111,152,160
22,1,15,1,24183,160,268
29,1,8,0,23405,152,195
59,1,28,0,44446,26,180
52,1,28,0,54856,122,220
48,1,28,0,36984,26,264
22,1,15,0,34188,152,194
43,1,29,0,45803,124,293
43,1,28,0,45444,26,162
41,1,46,0,30135,124,218
41,1,36,0,31072,152,151
25,1,29,1,30054,152,175
61,1,8,1,38051,152,67
24,1,16,1,25478,151,49
52,1,8,0,44982,26,240
29,1,37,1,32650,152,81
46,1,8,1,33290,120,165
22,1,29,1,39434,152,245
25,1,50,1,30739,152,113
25,1,37,0,46622,152,257
70,1,46,1,38688,124,215
25,1,47,0,36402,152,196
36,1,39,0,25227,157,298
67,1,48,0,2630,154,216
63,1,28,0,2630,13,137
22,1,28,0,35741,26,15
43,1,31,0,2630,124,171
34,1,28,0,29627,154,21
26,1,32,1,2630,152,44
73,1,3,0,28933,124,259
27,1,44,0,2630,152,143
51,1,27,0,28506,124,166
24,1,29,1,38564,152,27
50,1,15,1,34157,124,61
53,1,28,1,28306,26,81
24,1,28,0,2630,156,287
46,1,28,0,46068,26,42
43,1,32,0,34176,44,67
28,1,8,1,41060,152,156
24,1,35,0,33239,152,246
27,1,28,1,28819,152,94
21,1,3,1,25917,160,296
20,1,13,1,2630,160,10
63,1,26,1,36930,22,49
43,1,28,0,27902,26,113
46,1,30,0,28762,154,290
46,1,8,0,37539,152,220
44,1,47,1,23217,26,211
24,1,18,1,28052,152,190
21,1,41,1,35604,160,192
24,1,29,1,33747,152,19
54,1,12,0,27310,156,273
22,1,47,1,27299,152,88
71,1,46,1,43301,11,179
65,1,28,1,50254,124,33
21,1,9,0,36634,152,114
28,1,16,1,31430,152,51
22,1,30,0,22890,152,287
78,1,8,0,2630,156,58
47,1,28,0,2630,26,15
50,1,45,0,17947,152,89
28,1,14,0,40890,152,186
23,1,15,1,29582,152,125
41,1,29,0,27386,157,18
58,1,28,0,34900,122,83
67,1,28,1,49291,26,226
30,1,28,0,41508,124,102
60,1,28,1,47137,122,263
24,1,33,1,35057,152,218
24,1,41,1,21622,152,172
76,1,31,0,2630,30,254
33,1,8,0,111358,160,215
56,1,28,1,26820,152,156
26,1,30,1,2630,160,116
24,1,29,1,31833,152,162
51,1,8,1,40786,30,195
24,1,29,1,43357,152,105
53,1,8,1,33039,124,96
66,1,8,0,49748,124,51
53,1,20,0,2630,26,33
56,1,28,0,20221,122,187
66,1,15,0,34661,154,225
21,1,30,0,27241,152,29
65,1,41,1,49507,26,80
43,1,28,0,34236,26,101
72,1,46,0,29419,11,131
34,1,8,0,39419,152,109
77,1,28,1,50093,26,92
24,1,47,0,36493,26,257
23,1,28,0,42957,26,45
20,1,30,1,2630,157,35
49,1,30,1,24655,152,96
30,1,28,0,2630,160,264
25,1,29,1,37316,152,78
22,1,28,0,50842,26,118
23,1,49,1,30693,152,91
68,1,0,0,2630,122,13
54,1,29,1,34399,124,208
31,1,30,0,2630,124,135
55,1,41,1,29183,26,74
46,1,33,1,34762,26,34
23,1,27,0,27045,152,43
41,1,20,1,2630,26,270
32,1,29,0,37221,124,92
43,1,47,0,40527,124,231
34,1,28,0,24477,124,126
55,1,28,1,40998,26,204
44,1,29,0,30017,124,178
45,1,28,0,55540,26,194
22,1,32,0,31172,152,250
30,1,28,0,33568,8,10
31,1,3,0,36192,124,162
41,1,7,0,2630,124,211
39,1,33,0,32051,124,103
26,1,7,0,2630,152,239
44,1,28,1,40431,124,79
41,1,36,0,40809,152,118
20,1,39,0,34707,160,260
26,1,36,1,42727,152,14
58,1,7,0,2630,124,162
68,1,28,1,26708,122,67
53,1,38,0,27929,154,82
69,1,28,1,47779,124,100
31,1,29,0,2630,156,78
22,1,46,1,43721,152,98
53,1,45,1,20820,152,167
42,1,8,0,28344,31,188
25,1,3,1,2630,152,71
59,1,35,1,35424,26,213
29,1,8,0,30465,124,13
45,1,9,0,2630,156,35
40,1,10,0,2630,156,30
22,1,6,1,32622,152,220
69,1,28,0,57309,125,265
32,1,46,1,2630,11,134
25,1,29,0,49818,152,151
46,1,20,0,2630,133,204
39,1,28,0,45480,26,166
69,1,3,0,38113,26,236
64,1,28,0,23695,124,255
29,1,36,0,2630,152,20
73,1,28,0,31772,124,181
26,1,30,1,21437,152,211
29,1,41,1,30799,152,196
51,1,8,1,31475,124,86
22,1,8,0,48835,152,169
21,1,28,0,30967,155,120
44,1,3,0,31974,29,205
24,1,41,1,42445,152,257
79,1,28,1,59266,122,140
54,1,28,0,32100,26,36
62,1,39,0,32507,124,295
21,1,12,0,24872,160,79
27,1,25,0,2630,124,32
50,1,12,0,33030,26,242
23,1,43,0,51971,152,49
31,1,28,0,25877,122,71
31,1,2,1,38110,152,139
34,1,28,0,31875,154,99
21,1,30,0,27739,152,43
41,1,8,0,32757,154,197
22,1,10,1,18716,152,153
51,1,28,1,39884,124,288
64,1,28,0,30007,157,175
56,1,14,1,26680,152,74
53,1,41,1,2630,26,140
25,1,28,1,22882,152,228
29,1,50,1,29353,152,184
29,1,28,0,53631,124,132
54,1,39,1,31227,124,40
34,1,22,0,2630,156,141
27,1,28,1,36414,124,27
33,1,8,0,2630,156,146
23,1,28,1,27882,151,60
62,1,37,0,66906,26,140
24,1,15,1,35621,152,64
50,1,35,0,39252,124,211
43,1,13,0,23537,124,156
26,1,3,1,33202,152,296
66,1,45,0,2630,124,48
45,1,0,0,2630,26,54
26,1,36,1,29274,152,141
33,1,11,0,2630,124,221
45,1,28,0,43974,26,138
27,1,41,1,22173,152,67
51,1,8,0,33832,124,143
22,1,15,1,39004,152,205
66,1,48,0,2630,124,162
23,1,8,1,34040,152,31
51,1,28,0,33539,26,187
25,1,10,1,39071,152,46
47,1,1,0,2630,124,29
30,1,7,1,38353,152,200
41,1,28,0,38087,26,206
38,1,29,1,2630,124,19
52,1,29,0,123928,124,172
36,1,41,1,22899,124,180
31,1,19,1,37848,152,249
43,1,8,0,40089,26,292
22,1,6,0,25229,152,105
36,1,28,0,40736,60,11
23,1,28,1,71116,152,17
25,1,5,0,24949,152,107
47,1,33,0,36081,124,277
70,1,28,0,61595,26,49
51,1,46,0,35208,26,23
49,1,28,1,31349,124,284
64,1,28,1,23669,26,196
42,1,30,0,23821,26,149
46,1,3,0,25624,30,275
47,1,46,0,32267,124,172
40,1,28,0,41241,124,10
27,1,10,1,2630,156,60
23,1,20,1,2630,26,75
37,1,28,0,50937,122,148
23,1,12,0,28868,152,218
46,1,29,0,32779,26,77
27,1,21,1,31618,152,56
55,1,28,0,37532,26,55
23,1,28,1,65953,152,238
63,1,28,0,54289,26,171
26,1,18,1,33011,152,16
25,1,36,1,53882,26,295
66,1,0,0,2630,55,87
22,1,8,1,47621,152,197
22,1,3,1,21969,152,211
23,1,12,0,22888,152,196
23,1,46,1,29544,152,58
23,1,9,1,23255,152,40
51,1,8,0,36294,152,273
38,1,28,1,24437,124,178
54,1,46,0,40482,11,216
43,1,50,0,2630,26,202
59,1,31,1,2630,124,284
20,1,45,1,20481,160,185
37,1,30,0,27302,163,51
21,1,28,0,49604,124,277
70,1,8,0,40647,154,25
51,1,8,1,2630,26,124
28,1,45,0,26109,152,246
49,1,28,0,23601,4,193
31,1,28,1,29754,152,82
23,1,6,1,19417,160,154
24,1,36,0,26409,152,188
41,1,8,1,44642,124,157
23,1,40,1,2630,152,141
21,1,11,0,34188,152,198
28,1,46,1,82005,152,47
43,1,9,0,32725,61,32
24,1,28,0,43376,152,193
27,1,28,1,55100,151,198
26,1,15,0,32615,152,57
23,1,36,0,34844,152,140
50,1,1,0,2630,154,276
26,1,8,1,27885,152,259
24,1,30,1,2630,160,79
25,1,6,1,23592,152,74
22,1,16,0,24727,152,93
26,1,41,1,28491,151,270
47,1,28,0,37681,124,137
47,1,28,0,2630,124,150
21,1,41,1,20970,152,102
25,1,15,1,36962,152,228
27,1,30,1,2630,124,299
50,1,38,0,2630,124,109
33,1,29,0,39000,124,61
22,1,29,1,30423,152,118
62,1,8,1,55450,26,146
53,1,28,0,35668,26,23
41,1,28,0,49615,122,80
25,1,8,1,54120,152,26
56,1,8,1,74220,124,77
22,1,41,1,36252,152,265
28,1,6,0,25780,152,287
30,1,21,0,22993,154,61
23,1,24,1,39285,152,106
23,1,47,1,33336,152,23
47,1,22,0,2630,157,118
37,1,18,0,34426,124,119
48,1,28,0,57436,26,63
28,1,28,0,47243,26,129
35,1,28,1,23746,152,93
55,1,10,0,40337,124,50
34,1,49,1,34498,124,15
60,1,41,0,2630,26,211
56,1,23,1,26048,26,78
48,1,41,1,31301,26,267
27,1,30,1,33509,152,48
54,1,46,0,29342,124,163
22,1,15,0,2630,152,117
22,1,30,1,42851,152,265
23,1,34,0,31129,152,63
42,1,28,1,31679,125,296
53,1,5,0,19654,124,296
36,1,0,0,2630,31,13
23,1,15,0,31657,152,186
30,1,41,0,36153,152,130
25,1,25,1,31785,152,134
54,1,39,1,28503,127,33
40,1,30,0,22779,26,114
61,1,28,1,34829,124,219
29,1,46,1,48377,160,210
50,1,18,0,36846,31,66
35,1,25,0,2630,156,38
23,1,47,1,35675,26,60
23,1,37,1,22563,152,70
41,1,6,0,24536,124,54
22,1,28,0,34544,124,189
29,1,41,1,36393,152,15
25,1,8,1,38756,152,227
22,1,28,0,25168,153,217
41,1,46,0,2630,155,198
48,1,41,1,24725,124,185
58,1,37,0,29920,26,96
37,1,0,0,2630,91,171
24,1,8,1,41295,152,88
25,1,8,0,38767,152,190
34,1,29,0,41261,124,147
26,1,37,1,34979,152,82
51,1,28,0,47421,26,22
20,1,17,0,45430,160,222
30,1,36,0,50185,152,252
35,1,43,1,2630,160,186
23,1,28,1,45464,152,111
26,1,37,1,33060,152,233
23,1,30,0,33103,152,43
27,1,41,1,25755,152,236
31,1,28,0,53894,152,231
24,1,28,0,35742,152,196
57,1,8,0,29877,26,108
52,1,28,1,27725,26,160
23,1,39,0,32026,152,267
69,1,48,1,2630,26,268
53,1,33,1,2630,124,267
25,1,41,1,26017,152,265
42,1,46,0,30622,124,92
64,1,48,1,2630,124,48
32,1,15,1,38037,152,134
51,1,28,1,24166,26,98
80,1,41,1,31351,160,220
65,1,29,1,37856,124,290
28,1,39,0,25723,156,107
22,1,35,1,25574,152,15
25,1,2,0,25443,152,271
40,1,28,0,55785,15,188
26,1,49,1,25669,152,277
42,1,28,0,37639,26,104
26,1,36,1,27731,152,260
27,1,46,1,21099,152,184
23,1,46,1,22499,152,192
34,1,15,1,2630,124,292
25,1,36,1,32862,152,229
25,1,28,1,2630,160,294
24,1,47,1,2630,26,252
27,1,28,1,34816,152,113
33,1,32,1,2630,152,179
40,1,48,1,2630,124,275
23,1,11,1,27181,152,112
55,1,28,0,49253,124,222
21,1,8,1,43033,160,10
39,1,28,0,44337,26,155
21,1,50,1,34140,152,89
24,1,45,1,42665,152,86
39,1,35,0,2630,156,239
23,1,50,1,16550,152,126
42,1,28,0,45921,25,282
32,1,15,0,23891,152,285
48,1,36,0,34575,163,281
22,1,44,1,28106,152,293
27,1,15,1,48342,152,271
43,1,28,1,33981,124,133
58,1,41,0,43517,124,136
46,1,23,0,31701,124,132
41,1,28,1,59293,26,56
48,1,28,1,38804,26,38
25,1,35,0,28437,152,111
23,1,30,1,28304,152,176
31,1,15,0,2630,154,170
53,1,28,1,32385,124,296
23,1,50,1,44467,152,247
23,1,8,1,30837,152,122
67,1,28,0,49345,122,136
47,1,47,1,31323,26,143
23,1,14,1,41963,152,198
24,1,28,1,69155,152,16
43,1,48,0,2630,26,192
29,1,46,0,2630,124,44
36,1,48,0,2630,154,218
53,1,28,0,37083,122,127
67,1,28,0,33061,26,132
24,1,41,1,18836,26,188
34,1,30,1,2630,156,71
56,1,38,1,26038,124,83
24,1,6,1,36221,152,260
39,1,48,1,2630,122,27
21,1,50,0,41067,160,191
69,1,28,0,62346,25,166
48,1,41,0,20902,26,176
40,1,28,0,28617,23,143
48,1,28,1,31042,122,118
26,1,18,1,2630,152,96
25,1,30,1,28500,152,285
65,1,28,0,2630,26,17
21,1,46,0,34958,160,245
20,1,38,1,2630,160,107
55,1,28,0,2630,124,292
38,1,28,1,22333,26,30
26,1,27,1,2630,152,253
48,1,28,0,30528,13,25
26,1,15,0,41081,152,189
41,1,28,0,35074,124,292
55,1,31,0,2630,9,250
29,1,10,1,25117,152,15
80,1,28,1,2630,24,153
80,1,28,1,48208,122,170
59,1,30,1,20107,124,39
58,1,28,0,44671,122,42
21,1,50,0,35193,152,198
57,1,8,1,34739,26,119
23,1,30,1,29641,152,42
39,1,28,0,2630,124,194
23,1,28,0,50784,152,245
73,1,28,1,41317,122,83
25,1,6,0,26012,151,164
58,1,46,1,26719,124,205
49,1,8,0,28639,124,274
27,1,37,0,19423,152,108
25,1,46,1,26997,152,206
43,1,46,0,40725,154,83
77,1,28,0,36389,26,52
20,1,13,1,29611,160,177
60,1,3,1,2630,122,216
47,1,28,0,41332,26,15
42,1,9,0,2630,152,267
24,1,15,1,38494,152,263
24,1,28,1,54970,152,189
25,1,35,1,23708,152,242
23,1,41,1,32078,124,156
55,1,28,0,38997,124,289
49,1,35,0,41920,154,79
25,1,24,1,31753,26,172
24,1,22,1,36526,152,114
75,1,23,0,31580,26,131
52,1,8,0,38681,26,153
39,1,36,0,17141,154,121
30,1,6,1,35209,152,146
24,1,37,1,30892,152,167
60,1,20,0,2630,124,219
74,1,28,0,40717,124,41
26,1,6,1,28179,152,173
76,1,13,1,29413,26,125
28,1,50,1,35394,152,152
23,1,29,1,24208,152,296
21,1,8,0,34277,152,169
48,1,48,1,2630,124,234
25,1,28,0,86527,152,110
73,1,11,0,30873,26,154
27,1,28,1,32072,152,19
57,1,45,0,27050,124,46
23,1,26,1,37705,26,180
32,1,46,0,24139,124,230
23,1,41,0,2630,1,149
44,1,28,0,35530,26,111
20,1,30,0,29170,160,288
21,1,37,1,22950,152,51
23,1,8,0,24967,152,229
43,1,46,0,2630,157,143
43,1,33,0,2630,26,31
67,1,28,0,38412,26,106
52,1,23,0,43874,124,192
20,1,40,0,2630,156,182
56,1,28,0,45477,52,187
52,1,28,0,2630,26,262
30,1,21,1,33503,152,255
64,1,28,1,53614,13,178
35,1,18,0,33183,124,293
50,1,4,0,2630,156,49
24,1,49,1,2630,152,48
24,1,33,1,30518,152,110
41,1,30,0,2630,124,56
37,1,49,1,26978,124,108
45,1,28,1,32312,26,104
23,1,30,1,22283,152,248
31,1,29,0,2630,157,67
31,1,28,1,36513,124,106
30,1,18,0,34531,152,45
46,1,28,1,52408,26,193
25,1,41,1,21627,152,79
58,1,28,0,32386,26,14
40,1,8,0,29328,26,193
29,1,28,0,59864,152,153
74,1,28,0,60397,26,221
25,1,30,0,2630,156,183
25,1,8,1,61818,152,60
48,1,8,1,35835,26,262
26,1,11,1,2630,152,241
69,1,28,1,83278,26,202
70,1,50,1,37815,124,165
26,1,8,1,35651,152,139
28,1,28,1,27111,152,62
24,1,32,1,28833,152,197
61,1,28,0,48089,26,185
31,1,35,1,28732,152,286
26,1,35,1,37562,152,175
56,1,36,1,41548,124,125
25,1,45,0,30885,152,154
22,1,8,0,40012,152,276
50,1,15,0,35855,124,297
45,1,8,0,41313,26,270
40,1,34,0,28228,152,141
27,1,29,1,22769,152,137
38,1,41,0,31540,157,164
24,1,37,0,28943,152,158
48,1,28,0,37271,26,27
24,1,34,1,28298,152,186
30,1,11,1,73791,152,205
37,1,28,0,28009,26,186
45,1,38,0,2630,124,29
26,1,16,1,24720,152,242
48,1,41,0,29092,122,30
68,1,47,0,30846,16,165
26,1,32,0,35658,152,219
21,1,17,0,32416,152,134
57,1,30,0,23921,26,251
67,1,45,0,25856,26,11
33,1,36,0,2630,124,298
27,1,33,1,23756,152,84
43,1,30,1,31431,124,214
65,1,50,0,40091,8,252
71,1,18,1,32567,26,192
78,1,28,0,65765,26,14
47,1,28,0,32016,26,28
22,1,11,0,34204,152,99
50,1,11,0,31231,31,286
38,1,8,0,34903,157,297
47,1,41,0,2630,124,238
73,1,28,1,35433,26,135
40,1,28,1,38164,124,172
50,1,28,1,26355,26,129
51,1,4,1,2630,124,194
58,1,20,0,2630,26,117
61,1,41,0,32951,26,46
24,1,30,1,31124,152,29
46,1,29,1,49991,124,207
35,1,8,0,2630,157,205
24,1,6,1,28798,152,92
34,1,30,0,28608,152,220
22,1,14,1,31017,152,159
40,1,48,0,2630,15,166
22,1,21,0,23651,152,241
23,1,47,1,29185,152,135
21,1,6,0,39816,152,88
47,1,20,1,2630,124,26
56,1,41,0,41156,26,153
31,1,21,1,29709,152,268
38,1,28,0,42790,26,208
40,1,45,0,30743,124,297
40,1,48,1,2630,124,281
21,1,12,1,25619,152,95
20,1,30,0,35668,160,133
63,1,47,0,36976,26,63
60,1,28,0,54287,155,192
67,1,28,0,28712,122,249
24,1,21,1,18309,152,52
23,1,25,1,26064,152,203
21,1,42,0,32920,152,155
36,1,15,0,2630,15,14
30,1,30,0,2630,156,13
45,1,8,1,46578,124,139
73,1,8,1,46581,152,117
61,1,14,1,29751,124,140
67,1,8,0,2630,160,159
56,1,28,1,51229,124,187
33,1,30,0,23753,163,179
27,1,49,0,29015,152,285
34,1,6,1,2630,160,211
23,1,8,1,30512,152,95
37,1,28,1,2630,1,214
52,1,46,0,34626,154,268
24,1,35,1,33506,152,189
21,1,6,0,38117,152,211
20,1,3,0,39090,160,97
28,1,46,0,22516,152,77
21,1,17,1,36251,160,36
34,1,47,0,21188,156,245
28,1,39,1,2630,152,281
66,1,28,0,41034,124,283
28,1,30,0,27188,152,97
66,1,8,1,44210,26,62
48,1,28,0,35792,13,69
21,1,39,1,37293,160,90
25,1,28,1,61533,152,23
25,1,15,1,2630,152,227
58,1,17,0,2630,152,171
37,1,41,1,52775,12,292
71,1,45,0,30645,124,46
47,1,28,0,87956,26,104
33,1,28,1,2630,157,112
61,1,28,0,35881,26,227
48,1,28,0,33634,26,96
66,1,40,0,2630,124,298
22,1,36,0,36636,152,102
21,1,46,1,44421,160,233
41,1,28,1,20628,124,110
21,1,2,0,28570,152,227
51,1,5,1,2630,61,221
53,1,50,0,54140,8,293
22,1,15,0,38496,152,242
40,1,11,0,41679,124,152
27,1,50,1,44984,152,51
51,1,8,1,65361,26,240
42,1,28,1,33310,26,23
46,1,28,0,56232,26,291
24,1,41,1,52254,152,229
26,1,8,1,36890,152,138
23,1,32,0,34619,152,105
55,1,28,0,32912,124,135
40,1,46,0,28564,155,118
55,1,41,0,34193,26,55
22,1,30,1,22772,152,81
62,1,28,0,46378,26,150
39,1,29,1,2630,122,54
26,1,8,1,32345,152,38
22,1,28,1,38562,152,188
52,1,33,1,28431,26,55
24,1,15,0,39495,152,106
41,1,50,1,24879,18,12
53,1,33,1,40871,124,265
37,1,28,0,35541,26,10
22,1,15,0,27385,152,51
58,1,39,0,2630,26,275
27,1,36,0,2630,152,205
23,1,17,1,35753,152,113
23,1,37,1,24273,151,208
22,1,41,0,2630,152,28
33,1,43,0,2630,156,292
24,1,50,1,37817,152,186
30,1,6,1,26035,152,268
36,1,15,1,2630,152,249
48,1,36,0,33952,26,147
75,1,41,1,37736,124,172
29,1,41,1,2630,157,222
39,1,28,0,36453,26,233
43,1,14,0,37070,26,262
24,1,32,1,37573,151,254
22,1,12,0,31260,124,298
20,1,10,0,28660,160,191
22,1,35,1,25812,152,68
45,1,28,0,38594,26,55
37,1,28,0,30784,122,186
66,1,28,0,43727,122,286
45,1,41,1,38008,124,218
29,1,28,0,2630,124,174
74,1,28,0,48319,26,232
47,1,29,0,2630,163,113
46,1,21,0,28309,124,112
38,1,50,0,36255,154,126
48,1,8,1,2630,124,273
58,1,46,0,2630,26,10
43,1,26,0,25042,124,173
50,1,28,0,59356,122,288
21,1,41,0,2630,156,63
41,1,19,0,31045,26,46
48,1,27,0,2630,26,44
22,1,13,1,23983,152,42
24,1,8,1,31646,152,114
29,1,37,0,31196,152,39
24,1,47,0,20207,152,181
22,1,46,1,32176,152,243
72,1,8,1,106114,124,135
22,1,15,1,31327,152,239
25,1,41,1,21569,152,73
31,1,10,0,2630,160,294
42,1,28,0,39111,124,193
43,1,28,0,33591,124,28
57,1,28,0,40824,124,100
48,1,8,0,2630,25,177
26,1,15,1,50430,152,52
30,1,30,1,26363,152,204
22,1,46,1,27571,152,212
63,1,28,1,54477,26,227
21,1,33,1,39143,152,80
26,1,30,0,30031,160,247
49,1,28,0,50047,26,124
23,1,45,1,23834,152,189
25,1,29,1,33537,152,136
37,1,33,0,2630,156,101
24,1,28,1,30257,152,286
23,1,46,1,27093,152,70
26,1,43,1,31507,152,199
49,1,28,0,105013,26,19
30,1,33,1,27453,152,228
23,1,6,1,19698,152,269
57,1,41,0,101160,124,299
23,1,8,1,21257,160,151
24,1,28,0,50940,152,144
59,1,28,0,36180,26,153
45,1,8,0,2630,157,149
63,1,28,0,46712,124,113
47,1,28,0,51468,124,195
37,1,28,0,42550,26,181
75,1,40,0,26198,26,100
48,1,29,0,30768,124,68
27,1,8,1,2630,152,124
23,1,46,0,31304,152,103
57,1,28,0,20566,154,200
25,1,8,1,42532,152,228
20,1,44,1,34307,160,92
29,1,46,1,20530,152,277
50,1,18,1,43685,26,247
24,1,39,0,44457,152,291
32,1,28,0,46416,124,49
28,1,33,1,29591,152,63
34,1,37,1,35636,152,97
41,1,41,1,31405,124,278
28,1,37,1,43562,152,77
31,1,28,1,37008,152,103
24,1,29,1,37686,152,92
23,1,8,0,32318,152,34
25,1,28,0,40023,36,147
23,1,47,0,29007,152,98
53,1,28,1,2630,124,96
25,1,21,0,29104,152,243
22,1,28,1,31460,152,176
44,1,46,0,2630,11,25
57,1,8,1,37812,26,205
25,1,41,1,32497,152,114
47,1,33,0,56429,124,81
24,1,30,1,26972,152,272
59,1,11,0,26189,26,96
71,1,46,0,2630,124,36
58,1,16,1,31077,124,157
52,1,41,0,32490,26,10
52,1,16,0,31225,124,66
47,1,13,0,28856,124,286
55,1,28,0,2630,26,290
37,1,28,0,2630,122,103
55,1,28,0,43194,124,81
52,1,46,0,25408,11,214
28,1,46,1,28362,152,243
49,1,28,1,34609,124,32
28,1,4,1,25944,152,243
41,1,28,0,54071,124,262
24,1,25,1,20938,152,143
24,1,29,1,35539,152,197
20,1,9,1,36301,160,89
66,1,3,0,2630,157,126
62,1,28,1,33064,26,26
78,1,8,0,33524,30,240
28,1,28,1,30274,152,245
47,1,28,0,57833,122,268
28,1,31,1,2630,152,131
46,1,28,0,50263,26,252
60,1,28,0,35618,25,203
23,1,6,1,26774,151,69
25,1,45,0,32351,152,106
30,1,28,0,28893,26,278
42,1,28,0,47852,124,73
23,1,6,1,22090,152,159
24,1,50,1,30014,152,69
49,1,14,1,35656,124,42
25,1,41,1,27187,152,36
61,1,50,1,39322,26,136
41,1,28,0,71007,26,97
28,1,28,0,48238,152,37
23,1,41,1,58714,151,272
33,1,28,0,26982,124,22
39,1,4,0,2630,124,262
41,1,28,0,50562,26,117
49,1,48,0,2630,124,225
24,1,15,0,40933,152,39
26,1,41,0,2630,156,66
23,1,26,0,27866,151,172
24,1,17,1,2630,152,10
47,1,38,0,35816,26,22
48,1,28,1,2630,26,30
47,1,41,1,35032,26,68
38,1,47,1,33670,152,254
46,1,33,0,30332,26,163
23,1,15,1,26940,151,120
30,1,50,0,2630,156,193
33,1,46,1,41542,11,289
45,1,33,0,28976,124,261
29,1,12,1,53218,152,113
68,1,28,0,28694,124,200
54,1,31,1,2630,26,251
21,1,8,0,37973,152,275
38,1,28,0,27270,124,290
24,1,3,1,20524,152,290
22,1,28,1,41362,152,161
23,1,27,0,25970,152,167
31,1,41,0,2630,157,100
22,1,10,1,20784,152,57
74,1,44,0,31999,122,68
25,1,41,0,37409,26,175
51,1,11,0,44025,26,175
31,1,24,1,2630,160,204
25,1,50,1,27374,152,21
55,1,28,1,38541,26,35
45,1,28,0,55977,26,288
23,1,15,1,32398,152,142
54,1,47,1,39071,16,38
21,1,28,1,27459,163,93